Time,Node 1,Node 2,Node 3,Node 4,Node 5
2024-02-28 09:16:10,0,0,0,0,0
2024-02-28 09:16:13,0,0,0,0,0
2024-02-28 09:16:17,0,0,0,0,0
2024-02-28 09:16:20,0,0,0,0,0
2024-02-28 09:16:23,0,0,0,0,0
2024-02-28 09:16:26,0,0,0,0,0
2024-02-28 09:16:29,0,0,0,0,0
2024-02-28 09:16:32,0,0,0,0,0
2024-02-28 09:16:35,0,0,0,0,0
2024-02-28 09:16:38,0,0,0,0,0
2024-02-28 09:16:41,0,0,0,0,0
2024-02-28 09:16:44,0,0,0,0,0
2024-02-28 09:16:47,0,0,0,0,0
2024-02-28 09:16:50,0,0,0,0,0
2024-02-28 09:16:53,0,0,0,0,0
2024-02-28 09:16:55,0,0,0,0,0
2024-02-28 09:16:57,0,0,0,0,0
2024-02-28 09:17:00,0,0,0,0,0
2024-02-28 09:17:04,0,0,0,0,0
2024-02-28 09:17:07,0,0,0,0,0
2024-02-28 09:17:10,0,0,0,0,0
2024-02-28 09:17:13,0,0,0,0,0
2024-02-28 09:17:16,0,0,0,0,0
2024-02-28 09:17:19,0,0,0,0,0
2024-02-28 09:17:22,0,0,0,0,0
2024-02-28 09:17:25,0,0,0,0,0
2024-02-28 09:17:28,0,0,0,0,0
2024-02-28 09:17:31,0,0,0,0,0
2024-02-28 09:17:34,0,0,0,0,0
2024-02-28 09:17:37,0,0,0,0,0
2024-02-28 09:17:40,0,0,0,0,0
2024-02-28 09:17:43,0,0,0,0,0
2024-02-28 09:17:46,0,0,0,0,0
2024-02-28 09:17:49,0,0,0,0,0
2024-02-28 09:17:52,0,0,0,0,0
2024-02-28 09:17:56,0,0,0,0,0
2024-02-28 09:17:59,0,0,0,0,0
2024-02-28 09:18:02,0,0,0,0,0
2024-02-28 09:18:05,0,0,0,0,0
2024-02-28 09:18:08,0,0,0,0,0
2024-02-28 09:18:11,0,0,0,0,0
2024-02-28 09:18:14,0,0,0,0,0
2024-02-28 09:18:17,0,0,0,0,0
2024-02-28 09:18:20,0,0,0,0,0
2024-02-28 09:18:24,0,0,0,0,0
2024-02-28 09:18:28,0,0,0,0,0
2024-02-28 09:18:32,0,0,0,0,0
2024-02-28 09:18:36,0,0,0,0,0
2024-02-28 09:18:40,0.037999999,0,0,0,0
2024-02-28 09:18:44,0.115999997,0,0,0,0
2024-02-28 09:18:47,0.182999998,0,0,0,0
2024-02-28 09:18:50,0.247999996,0,0,0,0
2024-02-28 09:18:52,0.308999985,0,0,0,0
2024-02-28 09:18:54,0.344999999,0,0,0,0
2024-02-28 09:18:56,0.379999995,0,0,0,0
2024-02-28 09:18:58,0.419,0,0,0,0
2024-02-28 09:19:00,0.448000014,0,0,0,0
2024-02-28 09:19:02,0.474000007,0,0,0,0
2024-02-28 09:19:04,0.495999992,0,0,0,0
2024-02-28 09:19:07,0.524999976,0,0,0,0
2024-02-28 09:19:09,0.541000009,0,0,0,0
2024-02-28 09:19:11,0.55400002,0,0,0,0
2024-02-28 09:19:13,0.569999993,0,0,0,0
2024-02-28 09:19:15,0.583000004,0,0,0,0
2024-02-28 09:19:17,0.592999995,0,0,0,0
2024-02-28 09:19:19,0.606000006,0,0,0,0
2024-02-28 09:19:21,0.619000018,0,0,0,0
2024-02-28 09:19:23,0.632000029,0,0,0,0
2024-02-28 09:19:25,0.644999981,0,0,0,0
2024-02-28 09:19:27,0.657999992,0,0,0,0
2024-02-28 09:19:29,0.670000017,0,0,0,0
2024-02-28 09:19:31,0.686999977,0,0,0,0
2024-02-28 09:19:34,0.699999988,0,0,0,0
2024-02-28 09:19:36,0.70599997,0,0,0,0
2024-02-28 09:19:38,0.716000021,0,0,0,0
2024-02-28 09:19:40,0.725000024,0,0,0,0
2024-02-28 09:19:42,0.735000014,0,0,0,0
2024-02-28 09:19:44,0.745000005,0,0,0,0
2024-02-28 09:19:46,0.750999987,0,0,0,0
2024-02-28 09:19:48,0.760999978,0,0,0,0
2024-02-28 09:19:50,0.763999999,0,0,0,0
2024-02-28 09:19:52,0.76700002,0,0,0,0
2024-02-28 09:19:54,0.773999989,0,0,0,0
2024-02-28 09:19:56,0.77700001,0,0,0,0
2024-02-28 09:19:58,0.782999992,0,0,0,0
2024-02-28 09:20:00,0.790000021,0,0,0,0
2024-02-28 09:20:02,0.800000012,0,0,0,0
2024-02-28 09:20:04,0.805999994,0,0,0,0
2024-02-28 09:20:06,0.811999977,0,0,0,0
2024-02-28 09:20:08,0.819000006,0,0,0,0
2024-02-28 09:20:10,0.828999996,0,0,0,0
2024-02-28 09:20:12,0.832000017,0,0,0,0
2024-02-28 09:20:14,0.834999979,0,0,0,0
2024-02-28 09:20:16,0.841000021,0,0,0,0
2024-02-28 09:20:18,0.845000029,0,0,0,0
2024-02-28 09:20:20,0.84799999,0,0,0,0
2024-02-28 09:20:23,0.851000011,0,0,0,0
2024-02-28 09:20:25,0.851000011,0,0,0,0
2024-02-28 09:20:27,0.85799998,0,0,0,0
2024-02-28 09:20:29,0.861000001,0,0,0,0
2024-02-28 09:20:31,0.864000022,0,0,0,0
2024-02-28 09:20:33,0.866999984,0,0,0,0
2024-02-28 09:20:35,0.870000005,0,0,0,0
2024-02-28 09:20:37,0.874000013,0,0,0,0
2024-02-28 09:20:39,0.874000013,0,0,0,0
2024-02-28 09:20:42,0.876999974,0,0,0,0
2024-02-28 09:20:45,0.883000016,0,0,0,0
2024-02-28 09:20:48,0.883000016,0,0,0,0
2024-02-28 09:20:51,0.887000024,0,0,0,0
2024-02-28 09:20:54,0.889999986,0,0,0,0
2024-02-28 09:20:57,0.893000007,0,0,0,0
2024-02-28 09:21:00,0.896000028,0,0,0,0
2024-02-28 09:21:03,0.896000028,0,0,0,0
2024-02-28 09:21:06,0.899999976,0,0,0,0
2024-02-28 09:21:08,0.899999976,0,0,0,0
2024-02-28 09:21:10,0.902999997,0,0,0,0
2024-02-28 09:21:12,0.902999997,0,0,0,0
2024-02-28 09:21:14,0.906000018,0,0,0,0
2024-02-28 09:21:17,0.906000018,0,0,0,0
2024-02-28 09:21:19,0.908999979,0,0,0,0
2024-02-28 09:21:21,0.912,0,0,0,0
2024-02-28 09:21:23,0.912,0,0,0,0
2024-02-28 09:21:25,0.916000009,0,0,0,0
2024-02-28 09:21:27,0.916000009,0,0,0,0
2024-02-28 09:21:29,0.91900003,0,0,0,0
2024-02-28 09:21:31,0.921999991,0,0,0,0
2024-02-28 09:21:33,0.925000012,0,0,0,0
2024-02-28 09:21:35,0.92900002,0,0,0,0
2024-02-28 09:21:37,0.92900002,0,0,0,0
2024-02-28 09:21:39,0.931999981,0.003,0,0,0
2024-02-28 09:21:41,0.935000002,0.009,0,0,0
2024-02-28 09:21:43,0.935000002,0.012,0,0,0
2024-02-28 09:21:45,0.940999985,0.022,0,0,0
2024-02-28 09:21:47,0.944999993,0.032000002,0,0,0
2024-02-28 09:21:49,0.948000014,0.041000001,0,0,0
2024-02-28 09:21:51,0.948000014,0.045000002,0,0,0
2024-02-28 09:21:53,0.950999975,0.054000001,0,0,0
2024-02-28 09:21:55,0.953999996,0.067000002,0,0,0
2024-02-28 09:21:57,0.953999996,0.082999997,0,0,0
2024-02-28 09:21:59,0.961000025,0.103,0,0,0
2024-02-28 09:22:01,0.970000029,0.115999997,0,0,0
2024-02-28 09:22:03,0.973999977,0.122000001,0,0,0
2024-02-28 09:22:06,0.976999998,0.131999999,0,0,0
2024-02-28 09:22:08,0.976999998,0.141000003,0,0,0
2024-02-28 09:22:10,0.980000019,0.148000002,0,0,0
2024-02-28 09:22:12,0.980000019,0.160999998,0,0,0
2024-02-28 09:22:14,0.98299998,0.173999995,0,0,0
2024-02-28 09:22:16,0.98299998,0.182999998,0,0,0
2024-02-28 09:22:18,0.986999989,0.200000003,0,0,0
2024-02-28 09:22:20,0.986999989,0.206,0,0,0
2024-02-28 09:22:22,0.986999989,0.211999997,0,0,0
2024-02-28 09:22:24,0.986999989,0.224999994,0,0,0
2024-02-28 09:22:26,0.986999989,0.231999993,0,0,0
2024-02-28 09:22:28,0.98299998,0.240999997,0,0,0
2024-02-28 09:22:30,0.986999989,0.247999996,0,0,0
2024-02-28 09:22:33,0.986999989,0.257999986,0,0,0
2024-02-28 09:22:36,0.98299998,0.270000011,0,0,0
2024-02-28 09:22:39,0.98299998,0.282999992,0,0,0
2024-02-28 09:22:42,0.986999989,0.296000004,0,0,0
2024-02-28 09:22:45,0.986999989,0.305999994,0,0,0
2024-02-28 09:22:48,0.98299998,0.316000015,0,0,0
2024-02-28 09:22:51,0.98299998,0.328999996,0,0,0
2024-02-28 09:22:55,0.98299998,0.338,0,0,0
2024-02-28 09:22:58,0.98299998,0.344999999,0,0,0
2024-02-28 09:23:01,0.98299998,0.351000011,0,0,0
2024-02-28 09:23:04,0.98299998,0.354000002,0,0,0
2024-02-28 09:23:07,0.98299998,0.363999993,0,0,0
2024-02-28 09:23:10,0.98299998,0.367000014,0,0,0
2024-02-28 09:23:13,0.98299998,0.379999995,0,0,0
2024-02-28 09:23:16,0.98299998,0.386999995,0,0,0
2024-02-28 09:23:19,0.98299998,0.389999986,0,0,0
2024-02-28 09:23:22,0.98299998,0.400000006,0,0,0
2024-02-28 09:23:25,0.98299998,0.409000009,0,0,0
2024-02-28 09:23:28,0.98299998,0.416000009,0,0,0
2024-02-28 09:23:31,0.98299998,0.421999991,0,0,0
2024-02-28 09:23:34,0.98299998,0.42899999,0,0,0
2024-02-28 09:23:37,0.98299998,0.435000002,0,0,0
2024-02-28 09:23:40,0.98299998,0.453999996,0,0,0
2024-02-28 09:23:44,0.98299998,0.460999995,0,0,0
2024-02-28 09:23:47,0.98299998,0.469999999,0,0,0
2024-02-28 09:23:50,0.98299998,0.479999989,0,0,0
2024-02-28 09:23:53,0.98299998,0.493000001,0,0,0
2024-02-28 09:23:56,0.98299998,0.495999992,0,0,0
2024-02-28 09:23:59,0.98299998,0.503000021,0,0,0
2024-02-28 09:24:02,0.98299998,0.518999994,0,0,0
2024-02-28 09:24:05,0.98299998,0.524999976,0,0,0
2024-02-28 09:24:08,0.98299998,0.528999984,0,0,0
2024-02-28 09:24:11,0.98299998,0.532000005,0,0,0
2024-02-28 09:24:14,0.986999989,0.535000026,0,0,0
2024-02-28 09:24:17,0.98299998,0.547999978,0,0,0
2024-02-28 09:24:20,0.98299998,0.550999999,0,0,0
2024-02-28 09:24:23,0.986999989,0.56099999,0,0,0
2024-02-28 09:24:26,0.986999989,0.56099999,0,0,0
2024-02-28 09:24:28,0.986999989,0.566999972,0,0,0
2024-02-28 09:24:30,0.986999989,0.574000001,0,0,0
2024-02-28 09:24:33,0.986999989,0.577000022,0,0,0
2024-02-28 09:24:35,0.986999989,0.577000022,0,0,0
2024-02-28 09:24:37,0.986999989,0.579999983,0,0,0
2024-02-28 09:24:39,0.986999989,0.587000012,0,0,0
2024-02-28 09:24:42,0.986999989,0.589999974,0,0,0
2024-02-28 09:24:45,0.986999989,0.592999995,0,0,0
2024-02-28 09:24:48,0.99000001,0.596000016,0,0,0
2024-02-28 09:24:51,0.986999989,0.600000024,0,0,0
2024-02-28 09:24:54,0.99000001,0.609000027,0,0,0
2024-02-28 09:24:57,0.99000001,0.611999989,0,0,0
2024-02-28 09:25:00,0.99000001,0.619000018,0,0,0
2024-02-28 09:25:02,0.99000001,0.621999979,0,0,0
2024-02-28 09:25:04,0.99000001,0.621999979,0,0,0
2024-02-28 09:25:06,0.99000001,0.63499999,0,0,0
2024-02-28 09:25:08,0.99000001,0.638000011,0,0,0
2024-02-28 09:25:10,0.99000001,0.638000011,0,0,0
2024-02-28 09:25:12,0.99000001,0.644999981,0,0,0
2024-02-28 09:25:14,0.99000001,0.651000023,0,0,0
2024-02-28 09:25:16,0.99000001,0.651000023,0,0,0
2024-02-28 09:25:18,0.992999971,0.651000023,0,0,0
2024-02-28 09:25:21,0.992999971,0.651000023,0,0,0
2024-02-28 09:25:23,0.992999971,0.657999992,0,0,0
2024-02-28 09:25:25,0.992999971,0.661000013,0,0,0
2024-02-28 09:25:27,0.992999971,0.663999975,0,0,0
2024-02-28 09:25:29,0.992999971,0.663999975,0,0,0
2024-02-28 09:25:31,0.995999992,0.663999975,0,0,0
2024-02-28 09:25:33,0.995999992,0.670000017,0,0,0
2024-02-28 09:25:35,0.992999971,0.670000017,0,0,0
2024-02-28 09:25:37,0.992999971,0.670000017,0,0,0
2024-02-28 09:25:39,0.995999992,0.674000025,0,0,0
2024-02-28 09:25:41,0.992999971,0.683000028,0,0,0
2024-02-28 09:25:43,0.995999992,0.683000028,0,0,0
2024-02-28 09:25:45,0.992999971,0.686999977,0.032000002,0,0
2024-02-28 09:25:47,0.995999992,0.689999998,0.054000001,0,0
2024-02-28 09:25:49,0.992999971,0.693000019,0.086999997,0,0
2024-02-28 09:25:51,0.995999992,0.693000019,0.105999999,0,0
2024-02-28 09:25:53,0.992999971,0.69599998,0.122000001,0,0
2024-02-28 09:25:55,0.995999992,0.69599998,0.141000003,0,0
2024-02-28 09:25:57,0.992999971,0.699999988,0.153999999,0,0
2024-02-28 09:25:59,0.992999971,0.703000009,0.164000005,0,0
2024-02-28 09:26:01,0.992999971,0.703000009,0.180000007,0,0
2024-02-28 09:26:03,0.992999971,0.70599997,0.202999994,0,0
2024-02-28 09:26:05,0.992999971,0.70599997,0.224999994,0,0
2024-02-28 09:26:07,0.992999971,0.70599997,0.250999987,0,0
2024-02-28 09:26:09,0.992999971,0.708999991,0.273999989,0,0
2024-02-28 09:26:12,0.992999971,0.708999991,0.289999992,0,0
2024-02-28 09:26:14,0.992999971,0.712000012,0.305999994,0,0
2024-02-28 09:26:16,0.995999992,0.716000021,0.321999997,0,0
2024-02-28 09:26:18,0.992999971,0.716000021,0.335000008,0,0
2024-02-28 09:26:20,0.995999992,0.716000021,0.344999999,0,0
2024-02-28 09:26:22,0.992999971,0.718999982,0.354000002,0,0
2024-02-28 09:26:24,0.992999971,0.718999982,0.367000014,0,0
2024-02-28 09:26:26,0.995999992,0.722000003,0.379999995,0,0
2024-02-28 09:26:29,0.995999992,0.722000003,0.393000007,0,0
2024-02-28 09:26:31,0.995999992,0.728999972,0.400000006,0,0
2024-02-28 09:26:34,0.995999992,0.728999972,0.416000009,0,0
2024-02-28 09:26:37,0.995999992,0.731999993,0.432000011,0,0
2024-02-28 09:26:39,0.995999992,0.731999993,0.441000015,0,0
2024-02-28 09:26:41,0.995999992,0.735000014,0.451000005,0,0
2024-02-28 09:26:43,0.995999992,0.735000014,0.460999995,0,0
2024-02-28 09:26:45,0.995999992,0.735000014,0.469999999,0,0
2024-02-28 09:26:47,0.995999992,0.735000014,0.476999998,0,0
2024-02-28 09:26:49,0.995999992,0.737999976,0.48300001,0,0
2024-02-28 09:26:51,0.995999992,0.737999976,0.49000001,0,0
2024-02-28 09:26:53,0.995999992,0.740999997,0.495999992,0,0
2024-02-28 09:26:55,0.995999992,0.745000005,0.503000021,0,0
2024-02-28 09:26:57,0.995999992,0.748000026,0.509000003,0,0
2024-02-28 09:27:00,0.995999992,0.748000026,0.512000024,0,0
2024-02-28 09:27:02,0.995999992,0.750999987,0.522000015,0,0
2024-02-28 09:27:04,0.995999992,0.750999987,0.528999984,0,0
2024-02-28 09:27:06,0.995999992,0.750999987,0.535000026,0,0
2024-02-28 09:27:08,0.995999992,0.754000008,0.537999988,0,0
2024-02-28 09:27:10,0.995999992,0.754000008,0.545000017,0,0
2024-02-28 09:27:12,0.995999992,0.758000016,0.550999999,0,0
2024-02-28 09:27:14,0.995999992,0.760999978,0.55400002,0,0
2024-02-28 09:27:16,0.995999992,0.760999978,0.56099999,0,0
2024-02-28 09:27:18,0.995999992,0.760999978,0.56400001,0,0
2024-02-28 09:27:20,0.995999992,0.760999978,0.569999993,0,0
2024-02-28 09:27:22,0.995999992,0.763999999,0.574000001,0,0
2024-02-28 09:27:24,0.995999992,0.763999999,0.577000022,0,0
2024-02-28 09:27:26,0.995999992,0.763999999,0.583000004,0,0
2024-02-28 09:27:28,0.995999992,0.76700002,0.583000004,0,0
2024-02-28 09:27:30,0.995999992,0.769999981,0.587000012,0,0
2024-02-28 09:27:32,0.995999992,0.769999981,0.589999974,0,0
2024-02-28 09:27:34,0.995999992,0.769999981,0.592999995,0,0
2024-02-28 09:27:36,0.995999992,0.769999981,0.596000016,0,0
2024-02-28 09:27:38,0.995999992,0.773999989,0.600000024,0,0
2024-02-28 09:27:40,0.995999992,0.773999989,0.602999985,0,0
2024-02-28 09:27:42,0.995999992,0.773999989,0.609000027,0,0
2024-02-28 09:27:44,0.995999992,0.77700001,0.611999989,0,0
2024-02-28 09:27:46,0.995999992,0.779999971,0.615999997,0,0
2024-02-28 09:27:49,0.995999992,0.779999971,0.619000018,0,0
2024-02-28 09:27:51,0.995999992,0.779999971,0.619000018,0,0
2024-02-28 09:27:53,0.995999992,0.779999971,0.621999979,0,0
2024-02-28 09:27:55,0.995999992,0.782999992,0.625,0,0
2024-02-28 09:27:57,0.995999992,0.787,0.629000008,0,0
2024-02-28 09:27:59,0.995999992,0.787,0.632000029,0,0
2024-02-28 09:28:02,0.995999992,0.790000021,0.632000029,0,0
2024-02-28 09:28:05,0.995999992,0.790000021,0.63499999,0,0
2024-02-28 09:28:08,0.995999992,0.796000004,0.640999973,0,0
2024-02-28 09:28:11,0.995999992,0.811999977,0.644999981,0,0
2024-02-28 09:28:14,0.995999992,0.811999977,0.648000002,0,0
2024-02-28 09:28:17,0.995999992,0.822000027,0.651000023,0,0
2024-02-28 09:28:19,0.995999992,0.828999996,0.657999992,0,0
2024-02-28 09:28:21,0.995999992,0.832000017,0.661000013,0,0
2024-02-28 09:28:23,0.995999992,0.832000017,0.661000013,0,0
2024-02-28 09:28:25,0.995999992,0.832000017,0.663999975,0,0
2024-02-28 09:28:27,1,0.834999979,0.663999975,0,0
2024-02-28 09:28:29,0.995999992,0.832000017,0.663999975,0,0
2024-02-28 09:28:31,0.995999992,0.834999979,0.666999996,0,0
2024-02-28 09:28:34,1,0.834999979,0.666999996,0,0
2024-02-28 09:28:39,0.995999992,0.834999979,0.670000017,0,0
2024-02-28 09:28:43,0.995999992,0.838,0.674000025,0,0
2024-02-28 09:28:47,0.995999992,0.838,0.674000025,0,0
2024-02-28 09:28:51,1,0.838,0.676999986,0,0
2024-02-28 09:28:55,1,0.841000021,0.680000007,0,0
2024-02-28 09:28:58,1,0.841000021,0.683000028,0,0
2024-02-28 09:29:01,0.995999992,0.841000021,0.683000028,0,0
2024-02-28 09:29:04,0.995999992,0.845000029,0.683000028,0,0
2024-02-28 09:29:07,0.995999992,0.845000029,0.686999977,0,0
2024-02-28 09:29:10,1,0.845000029,0.686999977,0,0
2024-02-28 09:29:13,1,0.845000029,0.689999998,0,0
2024-02-28 09:29:16,1,0.84799999,0.689999998,0,0
2024-02-28 09:29:19,0.995999992,0.84799999,0.689999998,0,0
2024-02-28 09:29:22,1,0.851000011,0.686999977,0,0
2024-02-28 09:29:25,0.995999992,0.851000011,0.689999998,0,0
2024-02-28 09:29:29,1,0.853999972,0.689999998,0,0
2024-02-28 09:29:32,1,0.853999972,0.69599998,0,0
2024-02-28 09:29:35,1,0.85799998,0.69599998,0,0
2024-02-28 09:29:38,1,0.85799998,0.69599998,0,0
2024-02-28 09:29:41,1,0.85799998,0.699999988,0,0
2024-02-28 09:29:44,0.995999992,0.861000001,0.699999988,0,0
2024-02-28 09:29:47,0.995999992,0.861000001,0.703000009,0,0
2024-02-28 09:29:50,1,0.864000022,0.703000009,0,0
2024-02-28 09:29:53,1,0.864000022,0.703000009,0,0
2024-02-28 09:29:56,1,0.866999984,0.70599997,0,0
2024-02-28 09:29:59,1,0.866999984,0.70599997,0,0
2024-02-28 09:30:02,1,0.870000005,0.70599997,0,0
2024-02-28 09:30:05,1,0.870000005,0.70599997,0,0
2024-02-28 09:30:08,1,0.870000005,0.708999991,0,0
2024-02-28 09:30:11,1,0.870000005,0.712000012,0,0
2024-02-28 09:30:14,1,0.870000005,0.712000012,0,0
2024-02-28 09:30:18,0.995999992,0.870000005,0.716000021,0,0
2024-02-28 09:30:21,1,0.874000013,0.716000021,0,0
2024-02-28 09:30:24,1,0.870000005,0.716000021,0,0
2024-02-28 09:30:27,1,0.874000013,0.718999982,0,0
2024-02-28 09:30:30,1,0.874000013,0.718999982,0,0
2024-02-28 09:30:33,1,0.874000013,0.718999982,0,0
2024-02-28 09:30:36,1,0.876999974,0.722000003,0,0
2024-02-28 09:30:39,1,0.876999974,0.722000003,0,0
2024-02-28 09:30:43,1,0.876999974,0.725000024,0,0
2024-02-28 09:30:47,1,0.879999995,0.725000024,0,0
2024-02-28 09:30:51,1,0.879999995,0.728999972,0.003,0
2024-02-28 09:30:55,1,0.879999995,0.728999972,0.012,0
2024-02-28 09:30:59,1,0.883000016,0.731999993,0.025,0
2024-02-28 09:31:03,1,0.883000016,0.735000014,0.037999999,0
2024-02-28 09:31:08,1,0.887000024,0.735000014,0.054000001,0
2024-02-28 09:31:12,1,0.887000024,0.737999976,0.07,0
2024-02-28 09:31:16,1,0.889999986,0.737999976,0.090000004,0
2024-02-28 09:31:20,1,0.887000024,0.737999976,0.103,0
2024-02-28 09:31:24,1,0.887000024,0.740999997,0.119000003,0
2024-02-28 09:31:28,1,0.887000024,0.740999997,0.131999999,0
2024-02-28 09:31:32,1,0.887000024,0.745000005,0.144999996,0
2024-02-28 09:31:36,1,0.887000024,0.745000005,0.158000007,0
2024-02-28 09:31:40,1,0.887000024,0.745000005,0.166999996,0
2024-02-28 09:31:43,1,0.887000024,0.748000026,0.173999995,0
2024-02-28 09:31:46,1.003000021,0.887000024,0.745000005,0.180000007,0
2024-02-28 09:31:49,1.003000021,0.887000024,0.748000026,0.187000006,0
2024-02-28 09:31:52,1.003000021,0.887000024,0.750999987,0.195999995,0
2024-02-28 09:31:56,1.003000021,0.887000024,0.750999987,0.206,0
2024-02-28 09:31:59,1.003000021,0.887000024,0.754000008,0.211999997,0
2024-02-28 09:32:02,1.003000021,0.889999986,0.754000008,0.218999997,0
2024-02-28 09:32:05,1.003000021,0.889999986,0.758000016,0.229000002,0
2024-02-28 09:32:08,1.003000021,0.889999986,0.758000016,0.231999993,0
2024-02-28 09:32:10,1.003000021,0.889999986,0.758000016,0.234999999,0
2024-02-28 09:32:13,1.003000021,0.889999986,0.760999978,0.240999997,0
2024-02-28 09:32:15,1.003000021,0.889999986,0.760999978,0.250999987,0
2024-02-28 09:32:17,1.003000021,0.889999986,0.760999978,0.250999987,0
2024-02-28 09:32:19,1.003000021,0.889999986,0.760999978,0.257999986,0
2024-02-28 09:32:22,1.003000021,0.887000024,0.763999999,0.261000007,0
2024-02-28 09:32:24,1.003000021,0.889999986,0.763999999,0.263999999,0
2024-02-28 09:32:26,1.003000021,0.889999986,0.763999999,0.263999999,0
2024-02-28 09:32:28,1.003000021,0.889999986,0.76700002,0.26699999,0
2024-02-28 09:32:30,1.003000021,0.889999986,0.76700002,0.270000011,0
2024-02-28 09:32:32,1.003000021,0.889999986,0.76700002,0.273999989,0
2024-02-28 09:32:34,1.003000021,0.889999986,0.76700002,0.280000001,0
2024-02-28 09:32:36,1.003000021,0.889999986,0.769999981,0.282999992,0
2024-02-28 09:32:38,1.003000021,0.889999986,0.769999981,0.289999992,0
2024-02-28 09:32:42,1.003000021,0.889999986,0.769999981,0.296000004,0
2024-02-28 09:32:45,1.006000042,0.889999986,0.769999981,0.296000004,0
2024-02-28 09:32:48,1.006000042,0.889999986,0.77700001,0.303000003,0
2024-02-28 09:32:51,1.006000042,0.889999986,0.77700001,0.305999994,0
2024-02-28 09:32:54,1.006000042,0.889999986,0.77700001,0.312000006,0
2024-02-28 09:32:57,1.003000021,0.893000007,0.77700001,0.312000006,0
2024-02-28 09:33:00,1.003000021,0.889999986,0.779999971,0.321999997,0
2024-02-28 09:33:03,1.006000042,0.889999986,0.779999971,0.324999988,0
2024-02-28 09:33:06,1.006000042,0.893000007,0.779999971,0.324999988,0
2024-02-28 09:33:09,1.006000042,0.889999986,0.782999992,0.328999996,0
2024-02-28 09:33:12,1.006000042,0.893000007,0.782999992,0.335000008,0
2024-02-28 09:33:15,1.006000042,0.893000007,0.782999992,0.338,0
2024-02-28 09:33:18,1.006000042,0.893000007,0.787,0.338,0
2024-02-28 09:33:21,1.006000042,0.893000007,0.787,0.340999991,0
2024-02-28 09:33:24,1.006000042,0.893000007,0.787,0.34799999,0
2024-02-28 09:33:28,1.006000042,0.893000007,0.790000021,0.351000011,0
2024-02-28 09:33:31,1.006000042,0.893000007,0.790000021,0.351000011,0
2024-02-28 09:33:34,1.006000042,0.893000007,0.792999983,0.35800001,0
2024-02-28 09:33:37,1.006000042,0.893000007,0.796000004,0.361000001,0
2024-02-28 09:33:40,1.006000042,0.893000007,0.796000004,0.361000001,0
2024-02-28 09:33:43,1.006000042,0.893000007,0.796000004,0.361000001,0
2024-02-28 09:33:46,1.006000042,0.893000007,0.800000012,0.363999993,0
2024-02-28 09:33:49,1.006000042,0.893000007,0.802999973,0.367000014,0
2024-02-28 09:33:52,1.006000042,0.893000007,0.805999994,0.374000013,0
2024-02-28 09:33:55,1.006000042,0.893000007,0.805999994,0.377000004,0
2024-02-28 09:33:58,1.006000042,0.893000007,0.809000015,0.379999995,0
2024-02-28 09:34:01,1.006000042,0.893000007,0.809000015,0.386999995,0
2024-02-28 09:34:04,1.006000042,0.893000007,0.809000015,0.386999995,0
2024-02-28 09:34:07,1.006000042,0.893000007,0.811999977,0.393000007,0
2024-02-28 09:34:10,1.006000042,0.893000007,0.811999977,0.393000007,0
2024-02-28 09:34:13,1.006000042,0.893000007,0.811999977,0.393000007,0
2024-02-28 09:34:16,1.006000042,0.893000007,0.815999985,0.393000007,0
2024-02-28 09:34:19,1.006000042,0.893000007,0.815999985,0.395999998,0
2024-02-28 09:34:21,1.006000042,0.893000007,0.815999985,0.395999998,0
2024-02-28 09:34:24,1.003000021,0.893000007,0.815999985,0.400000006,0
2024-02-28 09:34:26,1.006000042,0.896000028,0.815999985,0.400000006,0
2024-02-28 09:34:28,1.006000042,0.893000007,0.819000006,0.400000006,0
2024-02-28 09:34:30,1.006000042,0.893000007,0.819000006,0.402999997,0
2024-02-28 09:34:32,1.006000042,0.896000028,0.819000006,0.402999997,0
2024-02-28 09:34:34,1.006000042,0.893000007,0.822000027,0.405999988,0
2024-02-28 09:34:36,1.006000042,0.893000007,0.819000006,0.405999988,0
2024-02-28 09:34:38,1.006000042,0.893000007,0.822000027,0.405999988,0
2024-02-28 09:34:40,1.006000042,0.893000007,0.822000027,0.409000009,0
2024-02-28 09:34:42,1.006000042,0.896000028,0.819000006,0.409000009,0
2024-02-28 09:34:44,1.006000042,0.893000007,0.824999988,0.412,0
2024-02-28 09:34:46,1.006000042,0.893000007,0.824999988,0.412,0
2024-02-28 09:34:48,1.006000042,0.896000028,0.824999988,0.412,0
2024-02-28 09:34:50,1.006000042,0.896000028,0.824999988,0.412,0
2024-02-28 09:34:52,1.006000042,0.893000007,0.824999988,0.416000009,0
2024-02-28 09:34:54,1.006000042,0.896000028,0.828999996,0.419,0
2024-02-28 09:34:56,1.006000042,0.893000007,0.828999996,0.416000009,0
2024-02-28 09:34:58,1.006000042,0.896000028,0.828999996,0.419,0
2024-02-28 09:35:00,1.006000042,0.896000028,0.828999996,0.421999991,0
2024-02-28 09:35:03,1.006000042,0.896000028,0.832000017,0.419,0
2024-02-28 09:35:05,1.006000042,0.893000007,0.832000017,0.419,0
2024-02-28 09:35:07,1.006000042,0.896000028,0.828999996,0.425000012,0
2024-02-28 09:35:09,1.006000042,0.896000028,0.832000017,0.42899999,0
2024-02-28 09:35:11,1.006000042,0.896000028,0.832000017,0.432000011,0
2024-02-28 09:35:13,1.006000042,0.896000028,0.832000017,0.432000011,0
2024-02-28 09:35:15,1.003000021,0.896000028,0.834999979,0.432000011,0
2024-02-28 09:35:17,1.006000042,0.896000028,0.834999979,0.435000002,0
2024-02-28 09:35:19,1.006000042,0.896000028,0.834999979,0.441000015,0
2024-02-28 09:35:21,1.006000042,0.896000028,0.838,0.444999993,0
2024-02-28 09:35:23,1.006000042,0.896000028,0.838,0.444999993,0
2024-02-28 09:35:25,1.006000042,0.896000028,0.838,0.448000014,0
2024-02-28 09:35:27,1.006000042,0.896000028,0.838,0.448000014,0
2024-02-28 09:35:29,1.006000042,0.893000007,0.838,0.448000014,0
2024-02-28 09:35:31,1.003000021,0.896000028,0.838,0.451000005,0
2024-02-28 09:35:33,1.006000042,0.896000028,0.841000021,0.451000005,0
2024-02-28 09:35:36,1.006000042,0.896000028,0.838,0.451000005,0
2024-02-28 09:35:39,1.006000042,0.893000007,0.841000021,0.453999996,0
2024-02-28 09:35:42,1.006000042,0.896000028,0.841000021,0.453999996,0
2024-02-28 09:35:45,1.006000042,0.896000028,0.845000029,0.458000004,0
2024-02-28 09:35:49,1.006000042,0.896000028,0.845000029,0.458000004,0
2024-02-28 09:35:52,1.003000021,0.896000028,0.845000029,0.460999995,0
2024-02-28 09:35:55,1.006000042,0.896000028,0.84799999,0.463999987,0
2024-02-28 09:35:58,1.006000042,0.896000028,0.84799999,0.463999987,0
2024-02-28 09:36:01,1.003000021,0.896000028,0.84799999,0.463999987,0
2024-02-28 09:36:04,1.003000021,0.896000028,0.851000011,0.463999987,0
2024-02-28 09:36:07,1.003000021,0.896000028,0.853999972,0.469999999,0
2024-02-28 09:36:10,1.003000021,0.896000028,0.853999972,0.469999999,0
2024-02-28 09:36:13,1.003000021,0.896000028,0.853999972,0.469999999,0
2024-02-28 09:36:16,1.003000021,0.896000028,0.85799998,0.474000007,0
2024-02-28 09:36:19,1.003000021,0.896000028,0.85799998,0.476999998,0
2024-02-28 09:36:22,1.003000021,0.896000028,0.85799998,0.476999998,0
2024-02-28 09:36:25,1.003000021,0.896000028,0.85799998,0.476999998,0
2024-02-28 09:36:28,1.003000021,0.896000028,0.85799998,0.476999998,0
2024-02-28 09:36:31,1.003000021,0.896000028,0.85799998,0.476999998,0
2024-02-28 09:36:34,1.003000021,0.896000028,0.861000001,0.479999989,0
2024-02-28 09:36:38,1.003000021,0.896000028,0.861000001,0.48300001,0
2024-02-28 09:36:41,1,0.896000028,0.861000001,0.48300001,0
2024-02-28 09:36:44,1.003000021,0.896000028,0.864000022,0.486999989,0.006
2024-02-28 09:36:46,1.003000021,0.896000028,0.864000022,0.486999989,0.009
2024-02-28 09:36:48,1.003000021,0.896000028,0.864000022,0.486999989,0.006
2024-02-28 09:36:50,1.003000021,0.896000028,0.864000022,0.49000001,0.012
2024-02-28 09:36:53,1.003000021,0.896000028,0.864000022,0.49000001,0.018999999
2024-02-28 09:36:56,1.003000021,0.896000028,0.866999984,0.493000001,0.025
2024-02-28 09:36:59,1.003000021,0.896000028,0.866999984,0.49000001,0.032000002
2024-02-28 09:37:02,1.003000021,0.896000028,0.866999984,0.493000001,0.035
2024-02-28 09:37:05,1.003000021,0.896000028,0.866999984,0.493000001,0.041000001
2024-02-28 09:37:08,1.003000021,0.896000028,0.870000005,0.495999992,0.048
2024-02-28 09:37:11,1.003000021,0.896000028,0.870000005,0.493000001,0.064000003
2024-02-28 09:37:14,1.003000021,0.896000028,0.870000005,0.495999992,0.077
2024-02-28 09:37:17,1.003000021,0.896000028,0.870000005,0.5,0.086999997
2024-02-28 09:37:20,1.003000021,0.896000028,0.870000005,0.5,0.093000002
2024-02-28 09:37:23,1.003000021,0.896000028,0.874000013,0.5,0.105999999
2024-02-28 09:37:27,1,0.896000028,0.874000013,0.5,0.115999997
2024-02-28 09:37:30,1.003000021,0.896000028,0.874000013,0.503000021,0.135000005
2024-02-28 09:37:33,1.003000021,0.896000028,0.874000013,0.503000021,0.144999996
2024-02-28 09:37:36,1,0.896000028,0.876999974,0.505999982,0.153999999
2024-02-28 09:37:39,1.003000021,0.896000028,0.876999974,0.505999982,0.166999996
2024-02-28 09:37:42,1.003000021,0.896000028,0.876999974,0.505999982,0.177000001
2024-02-28 09:37:45,1.003000021,0.896000028,0.876999974,0.509000003,0.193000004
2024-02-28 09:37:48,1.003000021,0.896000028,0.876999974,0.509000003,0.206
2024-02-28 09:37:51,1,0.896000028,0.876999974,0.512000024,0.222000003
2024-02-28 09:37:54,1,0.896000028,0.876999974,0.512000024,0.238000005
2024-02-28 09:37:57,1,0.899999976,0.879999995,0.512000024,0.250999987
2024-02-28 09:38:00,1.003000021,0.896000028,0.879999995,0.512000024,0.261000007
2024-02-28 09:38:03,1,0.899999976,0.879999995,0.515999973,0.270000011
2024-02-28 09:38:06,1,0.899999976,0.879999995,0.515999973,0.282999992
2024-02-28 09:38:09,1,0.899999976,0.883000016,0.515999973,0.293000013
2024-02-28 09:38:12,1,0.896000028,0.879999995,0.515999973,0.303000003
2024-02-28 09:38:15,1,0.896000028,0.883000016,0.515999973,0.312000006
2024-02-28 09:38:19,1,0.896000028,0.883000016,0.515999973,0.321999997
2024-02-28 09:38:22,1,0.899999976,0.883000016,0.515999973,0.328999996
2024-02-28 09:38:25,1,0.899999976,0.887000024,0.518999994,0.338
2024-02-28 09:38:28,1,0.899999976,0.887000024,0.522000015,0.34799999
2024-02-28 09:38:31,1,0.896000028,0.887000024,0.522000015,0.351000011
2024-02-28 09:38:34,1,0.899999976,0.887000024,0.522000015,0.35800001
2024-02-28 09:38:37,1,0.899999976,0.887000024,0.524999976,0.363999993
2024-02-28 09:38:40,1,0.899999976,0.889999986,0.524999976,0.374000013
2024-02-28 09:38:43,1,0.899999976,0.889999986,0.528999984,0.377000004
2024-02-28 09:38:46,1,0.896000028,0.889999986,0.528999984,0.382999986
2024-02-28 09:38:49,1,0.896000028,0.889999986,0.528999984,0.393000007
2024-02-28 09:38:52,1,0.896000028,0.889999986,0.528999984,0.400000006
2024-02-28 09:38:55,1,0.899999976,0.893000007,0.528999984,0.405999988
2024-02-28 09:38:58,1,0.899999976,0.893000007,0.528999984,0.412
2024-02-28 09:39:01,1,0.899999976,0.889999986,0.535000026,0.421999991
2024-02-28 09:39:04,1,0.899999976,0.893000007,0.532000005,0.42899999
2024-02-28 09:39:08,1,0.896000028,0.893000007,0.535000026,0.435000002
2024-02-28 09:39:11,1,0.899999976,0.893000007,0.541000009,0.437999994
2024-02-28 09:39:14,1,0.899999976,0.896000028,0.541000009,0.444999993
2024-02-28 09:39:17,1,0.899999976,0.896000028,0.545000017,0.451000005
2024-02-28 09:39:20,1,0.899999976,0.896000028,0.545000017,0.458000004
2024-02-28 09:39:24,1,0.899999976,0.896000028,0.541000009,0.463999987
2024-02-28 09:39:28,1,0.896000028,0.899999976,0.541000009,0.469999999
2024-02-28 09:39:32,1,0.899999976,0.899999976,0.545000017,0.476999998
2024-02-28 09:39:36,1,0.899999976,0.899999976,0.547999978,0.48300001
2024-02-28 09:39:40,1,0.899999976,0.902999997,0.550999999,0.49000001
2024-02-28 09:39:44,1,0.899999976,0.902999997,0.55400002,0.495999992
2024-02-28 09:39:48,1,0.899999976,0.902999997,0.558000028,0.503000021
2024-02-28 09:39:52,1,0.899999976,0.902999997,0.558000028,0.509000003
2024-02-28 09:39:57,1,0.899999976,0.906000018,0.56099999,0.515999973
2024-02-28 09:40:01,1,0.899999976,0.906000018,0.56099999,0.518999994
2024-02-28 09:40:04,1,0.899999976,0.908999979,0.56400001,0.528999984
2024-02-28 09:40:06,1,0.899999976,0.906000018,0.56400001,0.532000005
2024-02-28 09:40:08,1,0.899999976,0.908999979,0.56400001,0.535000026
2024-02-28 09:40:10,1.003000021,0.899999976,0.908999979,0.566999972,0.537999988
2024-02-28 09:40:12,1,0.899999976,0.908999979,0.56400001,0.541000009
2024-02-28 09:40:14,1,0.899999976,0.908999979,0.566999972,0.541000009
2024-02-28 09:40:16,1,0.899999976,0.908999979,0.566999972,0.545000017
2024-02-28 09:40:18,1.003000021,0.899999976,0.908999979,0.566999972,0.547999978
2024-02-28 09:40:20,1,0.899999976,0.908999979,0.566999972,0.550999999
2024-02-28 09:40:22,1,0.899999976,0.908999979,0.566999972,0.550999999
2024-02-28 09:40:24,1,0.899999976,0.908999979,0.566999972,0.55400002
2024-02-28 09:40:26,1.003000021,0.899999976,0.908999979,0.569999993,0.558000028
2024-02-28 09:40:28,1.003000021,0.899999976,0.912,0.569999993,0.558000028
2024-02-28 09:40:30,1,0.899999976,0.912,0.569999993,0.558000028
2024-02-28 09:40:32,1,0.899999976,0.912,0.574000001,0.56099999
2024-02-28 09:40:34,1.003000021,0.899999976,0.916000009,0.574000001,0.56099999
2024-02-28 09:40:36,1.003000021,0.899999976,0.916000009,0.569999993,0.56099999
2024-02-28 09:40:38,1.003000021,0.899999976,0.916000009,0.574000001,0.56400001
2024-02-28 09:40:40,1.003000021,0.902999997,0.916000009,0.574000001,0.566999972
2024-02-28 09:40:43,1.003000021,0.899999976,0.916000009,0.577000022,0.566999972
2024-02-28 09:40:45,1,0.899999976,0.916000009,0.577000022,0.569999993
2024-02-28 09:40:47,1.003000021,0.902999997,0.916000009,0.577000022,0.569999993
2024-02-28 09:40:49,1,0.899999976,0.916000009,0.579999983,0.569999993
2024-02-28 09:40:51,1,0.902999997,0.916000009,0.579999983,0.574000001
2024-02-28 09:40:53,1.003000021,0.902999997,0.916000009,0.579999983,0.574000001
2024-02-28 09:40:55,1,0.902999997,0.91900003,0.583000004,0.574000001
2024-02-28 09:40:57,1.003000021,0.902999997,0.91900003,0.579999983,0.579999983
2024-02-28 09:41:00,1.003000021,0.902999997,0.91900003,0.583000004,0.579999983
2024-02-28 09:41:03,1.003000021,0.902999997,0.91900003,0.583000004,0.579999983
2024-02-28 09:41:06,1,0.902999997,0.91900003,0.587000012,0.583000004
2024-02-28 09:41:09,1.003000021,0.902999997,0.91900003,0.589999974,0.583000004
2024-02-28 09:41:12,1.003000021,0.902999997,0.921999991,0.589999974,0.587000012
2024-02-28 09:41:15,1.003000021,0.902999997,0.921999991,0.589999974,0.587000012
2024-02-28 09:41:18,1.003000021,0.902999997,0.921999991,0.592999995,0.589999974
2024-02-28 09:41:21,1.003000021,0.902999997,0.921999991,0.592999995,0.592999995
2024-02-28 09:41:24,1.003000021,0.902999997,0.921999991,0.592999995,0.592999995
2024-02-28 09:41:27,1.003000021,0.902999997,0.921999991,0.596000016,0.596000016
2024-02-28 09:41:31,1.003000021,0.902999997,0.921999991,0.596000016,0.596000016
2024-02-28 09:41:33,1.003000021,0.902999997,0.91900003,0.596000016,0.596000016
2024-02-28 09:41:35,1.003000021,0.902999997,0.921999991,0.600000024,0.596000016
2024-02-28 09:41:38,1.003000021,0.902999997,0.921999991,0.600000024,0.600000024
2024-02-28 09:41:40,1.003000021,0.902999997,0.921999991,0.600000024,0.600000024
2024-02-28 09:41:42,1.003000021,0.902999997,0.921999991,0.600000024,0.600000024
2024-02-28 09:41:44,1.003000021,0.902999997,0.921999991,0.602999985,0.602999985
2024-02-28 09:41:46,1.003000021,0.902999997,0.91900003,0.602999985,0.602999985
2024-02-28 09:41:48,1.003000021,0.902999997,0.921999991,0.606000006,0.602999985
2024-02-28 09:41:54,1.003000021,0.902999997,0.921999991,0.606000006,0.602999985
2024-02-28 09:41:56,1,0.902999997,0.91900003,0.609000027,0.602999985
2024-02-28 09:41:58,1.003000021,0.902999997,0.91900003,0.606000006,0.606000006
2024-02-28 09:42:00,1.003000021,0.902999997,0.921999991,0.609000027,0.606000006
2024-02-28 09:42:02,1.003000021,0.902999997,0.91900003,0.609000027,0.606000006
2024-02-28 09:42:04,1.003000021,0.902999997,0.91900003,0.609000027,0.606000006
2024-02-28 09:42:06,1.003000021,0.902999997,0.91900003,0.611999989,0.606000006
2024-02-28 09:42:08,1.003000021,0.902999997,0.91900003,0.611999989,0.606000006
2024-02-28 09:42:10,1.003000021,0.902999997,0.921999991,0.611999989,0.609000027
2024-02-28 09:42:13,1.003000021,0.902999997,0.91900003,0.611999989,0.609000027
2024-02-28 09:42:15,1.003000021,0.902999997,0.921999991,0.615999997,0.609000027
2024-02-28 09:42:17,1.003000021,0.902999997,0.921999991,0.619000018,0.609000027
2024-02-28 09:42:19,1.003000021,0.902999997,0.921999991,0.619000018,0.609000027
2024-02-28 09:42:21,1.003000021,0.902999997,0.91900003,0.619000018,0.609000027
2024-02-28 09:42:23,1.003000021,0.902999997,0.921999991,0.619000018,0.609000027
2024-02-28 09:42:25,1.003000021,0.902999997,0.91900003,0.619000018,0.609000027
2024-02-28 09:42:27,1.003000021,0.902999997,0.91900003,0.619000018,0.609000027
2024-02-28 09:42:29,1.003000021,0.902999997,0.921999991,0.619000018,0.611999989
2024-02-28 09:42:31,1.003000021,0.906000018,0.921999991,0.619000018,0.611999989
2024-02-28 09:42:33,1.003000021,0.902999997,0.921999991,0.625,0.611999989
2024-02-28 09:42:35,1.003000021,0.902999997,0.921999991,0.621999979,0.611999989
2024-02-28 09:42:37,1.003000021,0.902999997,0.921999991,0.621999979,0.615999997
2024-02-28 09:42:39,1.003000021,0.902999997,0.921999991,0.625,0.615999997
2024-02-28 09:42:41,1.003000021,0.906000018,0.921999991,0.625,0.615999997
2024-02-28 09:42:43,1.003000021,0.902999997,0.921999991,0.625,0.615999997
2024-02-28 09:42:45,1.003000021,0.902999997,0.921999991,0.625,0.615999997
2024-02-28 09:42:47,1.003000021,0.902999997,0.921999991,0.632000029,0.615999997
2024-02-28 09:42:49,1.003000021,0.906000018,0.91900003,0.625,0.615999997
2024-02-28 09:42:51,1.006000042,0.906000018,0.921999991,0.632000029,0.619000018
2024-02-28 09:42:53,1.003000021,0.902999997,0.921999991,0.632000029,0.619000018
2024-02-28 09:42:55,1.003000021,0.906000018,0.91900003,0.632000029,0.619000018
2024-02-28 09:42:57,1.003000021,0.906000018,0.91900003,0.632000029,0.619000018
2024-02-28 09:43:00,1.003000021,0.906000018,0.921999991,0.63499999,0.619000018
2024-02-28 09:43:02,1.003000021,0.906000018,0.91900003,0.63499999,0.619000018
2024-02-28 09:43:04,1.003000021,0.906000018,0.921999991,0.63499999,0.619000018
2024-02-28 09:43:06,1.003000021,0.906000018,0.921999991,0.63499999,0.619000018
2024-02-28 09:43:08,1.006000042,0.906000018,0.921999991,0.638000011,0.619000018
2024-02-28 09:43:10,1.003000021,0.906000018,0.921999991,0.63499999,0.619000018
2024-02-28 09:43:12,1.003000021,0.906000018,0.91900003,0.638000011,0.619000018
2024-02-28 09:43:14,1.003000021,0.906000018,0.921999991,0.638000011,0.621999979
2024-02-28 09:43:16,1.006000042,0.906000018,0.921999991,0.638000011,0.621999979
2024-02-28 09:43:18,1.006000042,0.906000018,0.921999991,0.640999973,0.621999979
2024-02-28 09:43:20,1.006000042,0.906000018,0.921999991,0.640999973,0.621999979
2024-02-28 09:43:22,1.003000021,0.906000018,0.921999991,0.644999981,0.621999979
2024-02-28 09:43:24,1.003000021,0.906000018,0.921999991,0.644999981,0.625
2024-02-28 09:43:26,1.006000042,0.906000018,0.921999991,0.644999981,0.625
2024-02-28 09:43:28,1.006000042,0.906000018,0.921999991,0.644999981,0.625
2024-02-28 09:43:30,1.006000042,0.906000018,0.921999991,0.644999981,0.625
2024-02-28 09:43:32,1.003000021,0.906000018,0.91900003,0.644999981,0.625
2024-02-28 09:43:34,1.003000021,0.906000018,0.921999991,0.648000002,0.629000008
2024-02-28 09:43:36,1.006000042,0.906000018,0.921999991,0.648000002,0.629000008
2024-02-28 09:43:38,1.006000042,0.906000018,0.921999991,0.651000023,0.629000008
2024-02-28 09:43:40,1.006000042,0.906000018,0.921999991,0.651000023,0.629000008
2024-02-28 09:43:42,1.006000042,0.906000018,0.91900003,0.651000023,0.632000029
2024-02-28 09:43:44,1.006000042,0.906000018,0.921999991,0.651000023,0.632000029
2024-02-28 09:43:46,1.003000021,0.906000018,0.921999991,0.651000023,0.632000029
2024-02-28 09:43:49,1.003000021,0.906000018,0.921999991,0.653999984,0.632000029
2024-02-28 09:43:51,1.003000021,0.906000018,0.921999991,0.653999984,0.632000029
2024-02-28 09:43:54,1.003000021,0.908999979,0.921999991,0.657999992,0.632000029
2024-02-28 09:43:57,1.006000042,0.908999979,0.921999991,0.657999992,0.632000029
2024-02-28 09:44:00,1.003000021,0.906000018,0.91900003,0.657999992,0.632000029
2024-02-28 09:44:03,1.006000042,0.908999979,0.921999991,0.657999992,0.63499999
2024-02-28 09:44:06,1.003000021,0.908999979,0.921999991,0.661000013,0.63499999
2024-02-28 09:44:09,1.003000021,0.908999979,0.921999991,0.663999975,0.638000011
2024-02-28 09:44:12,1.003000021,0.908999979,0.91900003,0.663999975,0.638000011
2024-02-28 09:44:15,1.003000021,0.906000018,0.921999991,0.670000017,0.640999973
2024-02-28 09:44:18,1.003000021,0.908999979,0.921999991,0.674000025,0.644999981
2024-02-28 09:44:21,1.003000021,0.908999979,0.921999991,0.676999986,0.644999981
2024-02-28 09:44:24,1.003000021,0.908999979,0.921999991,0.680000007,0.648000002
2024-02-28 09:44:27,1.003000021,0.908999979,0.921999991,0.683000028,0.648000002
2024-02-28 09:44:29,1.003000021,0.908999979,0.921999991,0.683000028,0.648000002
2024-02-28 09:44:31,1.003000021,0.908999979,0.921999991,0.683000028,0.648000002
2024-02-28 09:44:33,1.003000021,0.908999979,0.921999991,0.686999977,0.651000023
2024-02-28 09:44:36,1.003000021,0.908999979,0.921999991,0.686999977,0.651000023
2024-02-28 09:44:38,1.003000021,0.908999979,0.921999991,0.686999977,0.653999984
2024-02-28 09:44:40,1.003000021,0.908999979,0.921999991,0.689999998,0.653999984
2024-02-28 09:44:42,1.003000021,0.908999979,0.921999991,0.689999998,0.653999984
2024-02-28 09:44:44,1.003000021,0.908999979,0.921999991,0.69599998,0.653999984
2024-02-28 09:44:46,1.003000021,0.908999979,0.921999991,0.69599998,0.653999984
2024-02-28 09:44:48,1.003000021,0.908999979,0.921999991,0.69599998,0.657999992
2024-02-28 09:44:50,1.003000021,0.908999979,0.921999991,0.699999988,0.657999992
2024-02-28 09:44:52,1.003000021,0.908999979,0.921999991,0.703000009,0.657999992
2024-02-28 09:44:54,1.003000021,0.908999979,0.921999991,0.699999988,0.661000013
2024-02-28 09:44:56,1.003000021,0.908999979,0.921999991,0.703000009,0.661000013
2024-02-28 09:44:59,1.003000021,0.908999979,0.921999991,0.703000009,0.661000013
2024-02-28 09:45:02,1,0.908999979,0.921999991,0.70599997,0.663999975
2024-02-28 09:45:05,1.003000021,0.908999979,0.921999991,0.70599997,0.661000013
2024-02-28 09:45:08,1.003000021,0.908999979,0.921999991,0.712000012,0.663999975
2024-02-28 09:45:11,1.003000021,0.908999979,0.921999991,0.712000012,0.666999996
2024-02-28 09:45:14,1.003000021,0.912,0.921999991,0.712000012,0.666999996
2024-02-28 09:45:17,1.003000021,0.908999979,0.921999991,0.716000021,0.670000017
2024-02-28 09:45:20,1.003000021,0.908999979,0.921999991,0.716000021,0.670000017
2024-02-28 09:45:24,1,0.908999979,0.921999991,0.718999982,0.670000017
2024-02-28 09:45:27,1.003000021,0.912,0.921999991,0.722000003,0.674000025
2024-02-28 09:45:30,1.003000021,0.912,0.91900003,0.725000024,0.674000025
2024-02-28 09:45:33,1.003000021,0.912,0.921999991,0.728999972,0.674000025
2024-02-28 09:45:36,1.003000021,0.912,0.921999991,0.728999972,0.674000025
2024-02-28 09:45:39,1.003000021,0.912,0.921999991,0.731999993,0.676999986
2024-02-28 09:45:42,1.003000021,0.912,0.921999991,0.735000014,0.680000007
2024-02-28 09:45:45,1.003000021,0.912,0.921999991,0.735000014,0.680000007
2024-02-28 09:45:48,1.003000021,0.912,0.921999991,0.737999976,0.683000028
2024-02-28 09:45:51,1.003000021,0.912,0.921999991,0.745000005,0.683000028
2024-02-28 09:45:54,1.003000021,0.912,0.921999991,0.748000026,0.683000028
2024-02-28 09:45:57,1,0.912,0.921999991,0.748000026,0.686999977
2024-02-28 09:46:00,1.003000021,0.912,0.921999991,0.750999987,0.686999977
2024-02-28 09:46:03,1.003000021,0.912,0.921999991,0.750999987,0.689999998
2024-02-28 09:46:06,1.003000021,0.912,0.921999991,0.754000008,0.689999998
2024-02-28 09:46:09,1.003000021,0.912,0.921999991,0.754000008,0.693000019
2024-02-28 09:46:13,1.003000021,0.912,0.921999991,0.758000016,0.693000019
2024-02-28 09:46:16,1.003000021,0.916000009,0.921999991,0.760999978,0.69599998
2024-02-28 09:46:19,1.003000021,0.912,0.921999991,0.760999978,0.69599998
2024-02-28 09:46:22,1.003000021,0.916000009,0.921999991,0.763999999,0.699999988
2024-02-28 09:46:25,1.003000021,0.916000009,0.921999991,0.763999999,0.69599998
2024-02-28 09:46:28,1.003000021,0.912,0.921999991,0.769999981,0.699999988
2024-02-28 09:46:31,1.003000021,0.912,0.921999991,0.769999981,0.699999988
2024-02-28 09:46:34,1.003000021,0.912,0.921999991,0.77700001,0.703000009
2024-02-28 09:46:37,1.003000021,0.916000009,0.921999991,0.779999971,0.703000009
2024-02-28 09:46:40,1.003000021,0.916000009,0.921999991,0.779999971,0.70599997
2024-02-28 09:46:43,1.003000021,0.916000009,0.921999991,0.782999992,0.70599997
2024-02-28 09:46:46,1.003000021,0.912,0.921999991,0.782999992,0.708999991
2024-02-28 09:46:49,1.003000021,0.912,0.921999991,0.787,0.712000012
2024-02-28 09:46:52,1.003000021,0.912,0.921999991,0.787,0.712000012
2024-02-28 09:46:55,1.003000021,0.912,0.921999991,0.787,0.712000012
2024-02-28 09:46:59,1.003000021,0.912,0.921999991,0.787,0.716000021
2024-02-28 09:47:01,1.003000021,0.912,0.921999991,0.790000021,0.712000012
2024-02-28 09:47:03,1.003000021,0.916000009,0.921999991,0.790000021,0.718999982
2024-02-28 09:47:05,1.003000021,0.916000009,0.921999991,0.790000021,0.718999982
2024-02-28 09:47:07,1.003000021,0.912,0.921999991,0.792999983,0.718999982
2024-02-28 09:47:09,1.003000021,0.912,0.921999991,0.792999983,0.718999982
2024-02-28 09:47:11,1.003000021,0.916000009,0.921999991,0.792999983,0.718999982
2024-02-28 09:47:13,1.003000021,0.916000009,0.921999991,0.796000004,0.722000003
2024-02-28 09:47:15,1.003000021,0.916000009,0.921999991,0.796000004,0.722000003
2024-02-28 09:47:17,1.003000021,0.916000009,0.921999991,0.796000004,0.722000003
2024-02-28 09:47:19,1.003000021,0.916000009,0.921999991,0.800000012,0.722000003
2024-02-28 09:47:21,1.003000021,0.916000009,0.921999991,0.800000012,0.722000003
2024-02-28 09:47:23,1.003000021,0.916000009,0.921999991,0.800000012,0.725000024
2024-02-28 09:47:25,1.003000021,0.912,0.921999991,0.800000012,0.725000024
2024-02-28 09:47:27,1.003000021,0.916000009,0.921999991,0.800000012,0.725000024
2024-02-28 09:47:29,1.003000021,0.916000009,0.921999991,0.802999973,0.725000024
2024-02-28 09:47:31,1.003000021,0.916000009,0.921999991,0.802999973,0.725000024
2024-02-28 09:47:33,1.003000021,0.912,0.921999991,0.805999994,0.725000024
2024-02-28 09:47:35,1.003000021,0.916000009,0.921999991,0.802999973,0.725000024
2024-02-28 09:47:37,1.003000021,0.916000009,0.921999991,0.802999973,0.728999972
2024-02-28 09:47:39,1.003000021,0.916000009,0.921999991,0.805999994,0.728999972
2024-02-28 09:47:41,1.003000021,0.916000009,0.921999991,0.805999994,0.728999972
2024-02-28 09:47:44,1.003000021,0.916000009,0.921999991,0.805999994,0.731999993
2024-02-28 09:47:46,1.003000021,0.916000009,0.921999991,0.809000015,0.731999993
2024-02-28 09:47:48,1.003000021,0.916000009,0.921999991,0.805999994,0.731999993
2024-02-28 09:47:51,1.003000021,0.916000009,0.921999991,0.805999994,0.735000014
2024-02-28 09:47:53,1.003000021,0.916000009,0.921999991,0.805999994,0.735000014
2024-02-28 09:47:55,1.003000021,0.916000009,0.921999991,0.809000015,0.735000014
2024-02-28 09:47:57,1.003000021,0.916000009,0.921999991,0.809000015,0.735000014
2024-02-28 09:47:59,1.003000021,0.912,0.921999991,0.809000015,0.735000014
2024-02-28 09:48:02,1.003000021,0.916000009,0.925000012,0.811999977,0.735000014
2024-02-28 09:48:05,1.003000021,0.916000009,0.921999991,0.811999977,0.737999976
2024-02-28 09:48:08,1.003000021,0.916000009,0.921999991,0.811999977,0.737999976
2024-02-28 09:48:11,1.003000021,0.916000009,0.921999991,0.811999977,0.740999997
2024-02-28 09:48:14,1.003000021,0.916000009,0.921999991,0.815999985,0.740999997
2024-02-28 09:48:17,1.003000021,0.916000009,0.921999991,0.815999985,0.740999997
2024-02-28 09:48:20,1.003000021,0.912,0.921999991,0.819000006,0.745000005
2024-02-28 09:48:23,1.003000021,0.916000009,0.925000012,0.819000006,0.745000005
2024-02-28 09:48:26,1.003000021,0.916000009,0.921999991,0.819000006,0.745000005
2024-02-28 09:48:30,1.003000021,0.916000009,0.921999991,0.819000006,0.745000005
2024-02-28 09:48:33,1.003000021,0.916000009,0.921999991,0.819000006,0.748000026
2024-02-28 09:48:36,1.003000021,0.916000009,0.921999991,0.819000006,0.748000026
2024-02-28 09:48:39,1.003000021,0.916000009,0.921999991,0.819000006,0.748000026
2024-02-28 09:48:42,1.003000021,0.916000009,0.921999991,0.819000006,0.748000026
2024-02-28 09:48:45,1,0.916000009,0.921999991,0.819000006,0.748000026
2024-02-28 09:48:48,1.003000021,0.916000009,0.921999991,0.824999988,0.750999987
2024-02-28 09:48:51,1.003000021,0.916000009,0.921999991,0.819000006,0.750999987
2024-02-28 09:48:54,1.003000021,0.916000009,0.921999991,0.822000027,0.750999987
2024-02-28 09:48:56,1.003000021,0.916000009,0.921999991,0.824999988,0.750999987
2024-02-28 09:48:58,1.003000021,0.916000009,0.921999991,0.819000006,0.750999987
2024-02-28 09:49:00,1.003000021,0.916000009,0.921999991,0.824999988,0.750999987
2024-02-28 09:49:02,1.003000021,0.916000009,0.921999991,0.824999988,0.750999987
2024-02-28 09:49:04,1.003000021,0.916000009,0.921999991,0.824999988,0.750999987
2024-02-28 09:49:06,1.003000021,0.916000009,0.921999991,0.824999988,0.750999987
2024-02-28 09:49:08,1.003000021,0.916000009,0.921999991,0.824999988,0.750999987
2024-02-28 09:49:10,1.003000021,0.916000009,0.921999991,0.824999988,0.750999987
2024-02-28 09:49:12,1.003000021,0.916000009,0.921999991,0.824999988,0.754000008
2024-02-28 09:49:14,1.003000021,0.916000009,0.921999991,0.824999988,0.754000008
2024-02-28 09:49:16,1.003000021,0.916000009,0.921999991,0.824999988,0.754000008
2024-02-28 09:49:18,1.003000021,0.916000009,0.921999991,0.824999988,0.754000008
2024-02-28 09:49:21,1.003000021,0.916000009,0.921999991,0.824999988,0.754000008
2024-02-28 09:49:24,1.003000021,0.916000009,0.921999991,0.824999988,0.754000008
2024-02-28 09:49:26,1.003000021,0.916000009,0.921999991,0.824999988,0.754000008
2024-02-28 09:49:28,1.003000021,0.916000009,0.921999991,0.824999988,0.754000008
2024-02-28 09:49:30,1.003000021,0.916000009,0.921999991,0.824999988,0.754000008
2024-02-28 09:49:33,1.003000021,0.916000009,0.921999991,0.824999988,0.758000016
2024-02-28 09:49:36,1.003000021,0.916000009,0.921999991,0.824999988,0.758000016
2024-02-28 09:49:39,1.003000021,0.916000009,0.921999991,0.824999988,0.760999978
2024-02-28 09:49:42,1.003000021,0.916000009,0.921999991,0.828999996,0.760999978
2024-02-28 09:49:45,1.003000021,0.916000009,0.921999991,0.828999996,0.760999978
2024-02-28 09:49:48,1.003000021,0.916000009,0.921999991,0.824999988,0.760999978
2024-02-28 09:49:51,1.003000021,0.916000009,0.921999991,0.828999996,0.763999999
2024-02-28 09:49:54,1,0.916000009,0.921999991,0.824999988,0.763999999
2024-02-28 09:49:57,1.003000021,0.916000009,0.921999991,0.828999996,0.763999999
2024-02-28 09:50:00,1.003000021,0.916000009,0.921999991,0.824999988,0.763999999
2024-02-28 09:50:03,1.003000021,0.916000009,0.921999991,0.824999988,0.763999999
2024-02-28 09:50:07,1.003000021,0.916000009,0.921999991,0.828999996,0.76700002
2024-02-28 09:50:10,1.003000021,0.916000009,0.921999991,0.828999996,0.763999999
2024-02-28 09:50:13,1.003000021,0.916000009,0.921999991,0.828999996,0.763999999
2024-02-28 09:50:16,1.003000021,0.916000009,0.921999991,0.828999996,0.76700002
2024-02-28 09:50:18,1.003000021,0.916000009,0.921999991,0.828999996,0.76700002
2024-02-28 09:50:20,1.003000021,0.916000009,0.921999991,0.828999996,0.76700002
2024-02-28 09:50:22,1.003000021,0.916000009,0.921999991,0.828999996,0.76700002
2024-02-28 09:50:24,1,0.916000009,0.921999991,0.828999996,0.76700002
2024-02-28 09:50:26,1.003000021,0.916000009,0.921999991,0.828999996,0.76700002
2024-02-28 09:50:28,1.003000021,0.916000009,0.921999991,0.828999996,0.76700002
2024-02-28 09:50:31,1.003000021,0.916000009,0.921999991,0.828999996,0.769999981
2024-02-28 09:50:34,1.003000021,0.916000009,0.925000012,0.828999996,0.769999981
2024-02-28 09:50:37,1.003000021,0.916000009,0.921999991,0.828999996,0.769999981
2024-02-28 09:50:40,1.003000021,0.916000009,0.921999991,0.828999996,0.769999981
2024-02-28 09:50:43,1.003000021,0.916000009,0.921999991,0.828999996,0.769999981
2024-02-28 09:50:46,1.003000021,0.912,0.921999991,0.828999996,0.769999981
2024-02-28 09:50:49,1.003000021,0.916000009,0.921999991,0.828999996,0.773999989
2024-02-28 09:50:51,1.003000021,0.916000009,0.921999991,0.824999988,0.773999989
2024-02-28 09:50:54,1.003000021,0.916000009,0.921999991,0.828999996,0.773999989
2024-02-28 09:50:56,1.003000021,0.916000009,0.921999991,0.828999996,0.773999989
2024-02-28 09:50:58,1.003000021,0.916000009,0.921999991,0.828999996,0.773999989
2024-02-28 09:51:00,1.003000021,0.916000009,0.921999991,0.828999996,0.773999989
2024-02-28 09:51:02,1.003000021,0.916000009,0.921999991,0.828999996,0.773999989
2024-02-28 09:51:04,1,0.916000009,0.921999991,0.828999996,0.773999989
2024-02-28 09:51:06,1.003000021,0.916000009,0.925000012,0.828999996,0.773999989
2024-02-28 09:51:08,1.003000021,0.916000009,0.921999991,0.828999996,0.773999989
2024-02-28 09:51:10,1,0.916000009,0.921999991,0.828999996,0.77700001
2024-02-28 09:51:12,1,0.916000009,0.921999991,0.828999996,0.77700001
2024-02-28 09:51:14,1,0.916000009,0.925000012,0.828999996,0.77700001
2024-02-28 09:51:16,1.003000021,0.916000009,0.921999991,0.828999996,0.77700001
2024-02-28 09:51:18,1.003000021,0.916000009,0.921999991,0.828999996,0.779999971
2024-02-28 09:51:20,1,0.916000009,0.925000012,0.828999996,0.779999971
2024-02-28 09:51:22,1,0.916000009,0.921999991,0.824999988,0.779999971
2024-02-28 09:51:24,1.003000021,0.916000009,0.921999991,0.828999996,0.779999971
2024-02-28 09:51:26,1,0.916000009,0.921999991,0.828999996,0.779999971
2024-02-28 09:51:28,1,0.916000009,0.921999991,0.828999996,0.779999971
2024-02-28 09:51:30,1,0.916000009,0.921999991,0.828999996,0.779999971
2024-02-28 09:51:32,1.003000021,0.916000009,0.921999991,0.828999996,0.779999971
2024-02-28 09:51:34,1,0.916000009,0.925000012,0.828999996,0.779999971
2024-02-28 09:51:36,1,0.916000009,0.921999991,0.828999996,0.782999992
2024-02-28 09:51:38,1,0.916000009,0.921999991,0.828999996,0.779999971
2024-02-28 09:51:40,1,0.916000009,0.921999991,0.824999988,0.782999992
2024-02-28 09:51:43,1,0.916000009,0.921999991,0.828999996,0.782999992
2024-02-28 09:51:45,1,0.916000009,0.921999991,0.828999996,0.782999992
2024-02-28 09:51:47,1,0.916000009,0.921999991,0.828999996,0.782999992
2024-02-28 09:51:49,1,0.916000009,0.921999991,0.828999996,0.782999992
2024-02-28 09:51:51,1,0.916000009,0.921999991,0.828999996,0.779999971
2024-02-28 09:51:53,1,0.916000009,0.925000012,0.828999996,0.782999992
2024-02-28 09:51:56,1,0.916000009,0.921999991,0.828999996,0.782999992
2024-02-28 09:51:59,1,0.916000009,0.925000012,0.828999996,0.782999992
2024-02-28 09:52:01,1,0.916000009,0.925000012,0.828999996,0.782999992
2024-02-28 09:52:03,1,0.916000009,0.925000012,0.828999996,0.782999992
2024-02-28 09:52:05,1,0.916000009,0.925000012,0.828999996,0.782999992
2024-02-28 09:52:07,1,0.916000009,0.925000012,0.828999996,0.782999992
2024-02-28 09:52:09,1,0.916000009,0.925000012,0.828999996,0.782999992
2024-02-28 09:52:11,0.995999992,0.916000009,0.925000012,0.828999996,0.782999992
2024-02-28 09:52:13,1,0.916000009,0.925000012,0.828999996,0.787
2024-02-28 09:52:15,1,0.916000009,0.925000012,0.828999996,0.787
2024-02-28 09:52:17,1,0.916000009,0.925000012,0.828999996,0.787
2024-02-28 09:52:19,1,0.916000009,0.925000012,0.828999996,0.787
2024-02-28 09:52:21,0.995999992,0.916000009,0.925000012,0.824999988,0.787
2024-02-28 09:52:23,1,0.916000009,0.925000012,0.828999996,0.787
2024-02-28 09:52:25,1,0.916000009,0.925000012,0.828999996,0.787
2024-02-28 09:52:27,1,0.916000009,0.925000012,0.828999996,0.787
2024-02-28 09:52:29,1,0.916000009,0.921999991,0.828999996,0.787
2024-02-28 09:52:32,1,0.916000009,0.925000012,0.828999996,0.787
2024-02-28 09:52:34,1,0.916000009,0.921999991,0.828999996,0.787
2024-02-28 09:52:36,1,0.916000009,0.925000012,0.828999996,0.790000021
2024-02-28 09:52:38,1,0.916000009,0.925000012,0.828999996,0.790000021
2024-02-28 09:52:40,1,0.916000009,0.925000012,0.824999988,0.787
2024-02-28 09:52:42,1,0.916000009,0.921999991,0.828999996,0.790000021
2024-02-28 09:52:44,1,0.916000009,0.925000012,0.824999988,0.790000021
2024-02-28 09:52:46,1,0.916000009,0.925000012,0.824999988,0.790000021
2024-02-28 09:52:48,1,0.916000009,0.925000012,0.828999996,0.790000021
2024-02-28 09:52:50,1,0.916000009,0.925000012,0.828999996,0.790000021
2024-02-28 09:52:52,1,0.916000009,0.925000012,0.828999996,0.790000021
2024-02-28 09:52:54,1,0.916000009,0.925000012,0.828999996,0.790000021
2024-02-28 09:52:56,1,0.916000009,0.925000012,0.824999988,0.790000021
2024-02-28 09:52:58,1,0.916000009,0.925000012,0.828999996,0.790000021
2024-02-28 09:53:00,1,0.916000009,0.925000012,0.828999996,0.790000021
2024-02-28 09:53:02,1,0.916000009,0.925000012,0.828999996,0.790000021
2024-02-28 09:53:04,1,0.916000009,0.925000012,0.824999988,0.790000021
2024-02-28 09:53:06,0.995999992,0.916000009,0.925000012,0.824999988,0.790000021
2024-02-28 09:53:08,1,0.916000009,0.925000012,0.824999988,0.790000021
2024-02-28 09:53:11,1,0.916000009,0.925000012,0.828999996,0.790000021
2024-02-28 09:53:14,1,0.916000009,0.925000012,0.824999988,0.790000021
2024-02-28 09:53:17,1,0.916000009,0.925000012,0.828999996,0.790000021
2024-02-28 09:53:22,1,0.916000009,0.925000012,0.824999988,0.792999983
2024-02-28 09:53:26,1,0.916000009,0.925000012,0.824999988,0.790000021
2024-02-28 09:53:30,1,0.916000009,0.925000012,0.828999996,0.790000021
2024-02-28 09:53:34,1,0.916000009,0.925000012,0.824999988,0.792999983
2024-02-28 09:53:38,1,0.916000009,0.925000012,0.824999988,0.792999983
2024-02-28 09:53:42,0.995999992,0.916000009,0.925000012,0.824999988,0.792999983
2024-02-28 09:53:46,0.995999992,0.916000009,0.925000012,0.824999988,0.792999983
2024-02-28 09:53:50,0.995999992,0.916000009,0.925000012,0.824999988,0.792999983
2024-02-28 09:53:54,0.995999992,0.916000009,0.925000012,0.828999996,0.792999983
2024-02-28 09:53:58,0.995999992,0.916000009,0.925000012,0.824999988,0.792999983
2024-02-28 09:54:02,0.995999992,0.916000009,0.925000012,0.824999988,0.792999983
2024-02-28 09:54:06,1,0.916000009,0.925000012,0.824999988,0.792999983
2024-02-28 09:54:11,1,0.916000009,0.925000012,0.824999988,0.792999983
2024-02-28 09:54:14,1,0.916000009,0.925000012,0.824999988,0.792999983
2024-02-28 09:54:17,1,0.912,0.925000012,0.824999988,0.792999983
2024-02-28 09:54:20,1,0.912,0.925000012,0.824999988,0.790000021
2024-02-28 09:54:23,1,0.912,0.925000012,0.824999988,0.792999983
2024-02-28 09:54:26,1,0.912,0.92900002,0.824999988,0.790000021
2024-02-28 09:54:29,0.995999992,0.912,0.92900002,0.824999988,0.790000021
2024-02-28 09:54:32,0.995999992,0.912,0.92900002,0.824999988,0.792999983
2024-02-28 09:54:35,0.995999992,0.912,0.92900002,0.824999988,0.790000021
2024-02-28 09:54:38,0.995999992,0.912,0.92900002,0.824999988,0.790000021
2024-02-28 09:54:41,0.995999992,0.908999979,0.92900002,0.824999988,0.790000021
2024-02-28 09:54:44,0.992999971,0.908999979,0.92900002,0.824999988,0.790000021
2024-02-28 09:54:47,0.992999971,0.908999979,0.92900002,0.824999988,0.790000021
2024-02-28 09:54:50,0.992999971,0.908999979,0.92900002,0.824999988,0.790000021
2024-02-28 09:54:53,0.99000001,0.908999979,0.92900002,0.824999988,0.790000021
2024-02-28 09:54:56,0.992999971,0.906000018,0.92900002,0.824999988,0.787
2024-02-28 09:55:00,0.99000001,0.906000018,0.92900002,0.824999988,0.790000021
2024-02-28 09:55:03,0.99000001,0.906000018,0.92900002,0.824999988,0.787
2024-02-28 09:55:06,0.986999989,0.906000018,0.925000012,0.824999988,0.787
2024-02-28 09:55:09,0.986999989,0.906000018,0.925000012,0.824999988,0.787
2024-02-28 09:55:12,0.98299998,0.902999997,0.925000012,0.824999988,0.787
2024-02-28 09:55:15,0.98299998,0.902999997,0.921999991,0.824999988,0.787
2024-02-28 09:55:18,0.980000019,0.902999997,0.921999991,0.824999988,0.787
2024-02-28 09:55:21,0.980000019,0.902999997,0.921999991,0.824999988,0.787
2024-02-28 09:55:24,0.980000019,0.902999997,0.921999991,0.824999988,0.787
2024-02-28 09:55:27,0.976999998,0.902999997,0.921999991,0.824999988,0.787
2024-02-28 09:55:30,0.976999998,0.902999997,0.921999991,0.824999988,0.787
2024-02-28 09:55:33,0.976999998,0.899999976,0.921999991,0.824999988,0.787
